Unnamed: 0,Title,Year,Predictions,Principles Predictions,% Principles,Lab/Ops Predictions,% Lab/Ops,diff,diff %,Both Less Than 50%
127,"Essayes and characters, ironicall, and instructiue The second impression. With a new satyre in defence of common law and lawyers: mixt with reproofe against their common enemy. With many new characters, & diuers other things added; & euery thing ammended. By Iohn Stephens the yonger, of Lincolnes Inne, Gent.",1615,5,0,0.00%,1,20.00%,20,80,TRUE
134,"Britain's remembrancer containing a narration of the plague lately past; a declaration of the mischiefs present; and a prediction of iudgments to come; (if repentance prevent not.) It is dedicated (for the glory of God) to posteritie; and, to these times (if they please) by Geo: Wither.",1628,5,0,0.00%,1,20.00%,20,80,TRUE
130,Wit in a wildernesse of promiscuous poesie by the author Tho. Jordan.,1665,4,1,25.00%,0,0.00%,25,75,TRUE
61,"All in one, all useful sciences and profitable arts in one book of Jehovah Aelohim, copied out and commented upon in created beings, comprehended and discovered in the fulness and perfection of scr[i]pture-knowledges / by Francis Bampfield ...",1677,19,2,10.53%,3,15.79%,26.31578947,73.68421053,TRUE
159,"Epigrams theological, philosophical, and romantick also the Socratick session, or, The arraignment and conviction of Julius Scaliger : with other select poems / by S. Sheppard.",1651,22,2,9.09%,4,18.18%,27.27272727,72.72727273,TRUE
103,"Signatura rerum, or, The signature of all things shewing the sign and signification of the severall forms and shapes in the creation, and what the beginning, ruin, and cure of every thing is ... / written in High Dutch, MDCXXII, by Jacob Behmen, aliàs Teutonicus Phylosophus.",1651,736,72,9.78%,142,19.29%,29.07608696,70.92391304,TRUE
122,Essayes and characters written by L.G.,1661,9,1,11.11%,2,22.22%,33.33333333,66.66666667,TRUE
113,"Mulierum amicus: or, The womans friend plainly discovering all those diseases that are incident to that sex only, and advising them to cure, either 1. By those receipts prescribed. Or, 2. By certain secret arcanums and specifical medicines. The author hereof living at the sign of the Golden Ball and Flower-Pot in Mark-Lane in Tower-street, and is lycensiate in physick, and student in chymistry; known commonly by the name of Nich. Sudell.",1666,13,0,0.00%,5,38.46%,38.46153846,61.53846154,TRUE
47,"Mysterium magnum, or An exposition of the first book of Moses called Genesis. Concerning the manifestation or revelation of the divine word through the three principles of the divine essence; also of the originall of the world and the creation. Wherein the kingdome of nature, & the kingdome of grace are expounded. For the better understanding of the Old and New Testament, and what Adam and Christ are. Also, how man should consider and may know himselfe in the light of nature, where he is, and where his temporall and eternall life, consist; also, where his eternall blessednesse, and damnation, consist. And is an exposition of the essence of all essences for the further consideration of the lovers, in the divine gift. Comprised in three parts: written anno 1623. By Jacob Behm. To which is added, The life of the author. And his Foure tables of divine revelation.",1656,114,21,18.42%,24,21.05%,39.47368421,60.52631579,TRUE
18,"Fasciculus chemicus or Chymical collections. Expressing the ingress, progress, and egress, of the secret hermetick science, out of the choisest and most famous authors. Collected and digested in such an order, that it may prove to the advantage, not onely of beginners, but proficients of this high art, by none hitherto disposed in this method. Whereunto is added, the Arcanum or grand secret of hermetick philosophy. Both made English by James Hasolle, Esquire, qui est Mercuriophilus Anglicus.",1650,236,12,5.08%,82,34.75%,39.83050847,60.16949153,TRUE
86,"Theologia mystica, or, The mystic divinitie of the aeternal invisibles, viz., the archetypous globe, or the original globe, or world of all globes, worlds, essences, centers, elements, principles and creations whatsoever by a person of qualitie, J.P., M.D.",1683,17,0,0.00%,7,41.18%,41.17647059,58.82352941,TRUE
95,"A view of the soul, in several tracts ... by a person of quality.",1682,12,0,0.00%,5,41.67%,41.66666667,58.33333333,TRUE
93,"Mundorum explicatio, or, The explanation of an hieroglyphical figure wherein are couched the mysteries of the external, internal, and eternal worlds, shewing the true progress of a soul from the court of Babylon to the city of Jerusalem, from the Adamical fallen state to the regenerate and angelical : being a sacred poems / written by S.P., Armig.",1661,35,0,0.00%,15,42.86%,42.85714286,57.14285714,TRUE
6,"Vindiciæ academiarum containing some briefe animadversions upon Mr Websters book stiled, The examination of academies : together with an appendix concerning what M. Hobbs and M. Dell have published on this argument.",1654,7,3,42.86%,0,0.00%,42.85714286,57.14285714,TRUE
63,"A vindication of chymistry, and chymical medicines Courteous and candid reader, chymistry, is an art that doth both teach and inable us (for our exceeding good and benefit) to seperate purity from impurity; ...",1676,9,0,0.00%,4,44.44%,44.44444444,55.55555556,TRUE
107,"Mr. Culpepper's Treatise of aurum potabile Being a description of the three-fold world, viz. elementary celestial intellectual containing the knowledge necessary to the study of hermetick philosophy. Faithfully written by him in his life-time, and since his death, published by his wife.",1657,22,1,4.55%,9,40.91%,45.45454545,54.54545455,TRUE
19,"New observations on the natural history of this world of matter, and this world of life in two parts : being a philosophical discourse, grounded upon the Mosaick system of the creation and the flood : to which are added some thoughts concerning paradise, the conflagration by Tho. Robinson ...",1696,37,1,2.70%,16,43.24%,45.94594595,54.05405405,TRUE
157,"Aurifontina chymica, or, A collection of fourteen small treatises concerning the first matter of philosophers for the discovery of their (hitherto so much concealed) mercury which many have studiously endeavoured to hide, but these to make manifest for the benefit of mankind in general.",1680,356,19,5.34%,147,41.29%,46.62921348,53.37078652,TRUE
10,"Jacob Behmen's theosophick philosophy unfolded in divers considerations and demonstrations, shewing the verity and utility of the several doctrines or propositions contained in the writings of that divinely instructed author : also, the principal treatises of the said author abridged, and answers given to the remainder of the 177 theosophick questions, propounded by the said Jacob Behmen, which were left unanswered by him at the time of his death : as a help towards the better understanding the Old and New Testament : also what man is with respect to time and eternity, being an open gate to the great mysteries / by Edward Taylor ; with a short account of the life of Jacob Behmen.",1691,181,37,20.44%,49,27.07%,47.51381215,52.48618785,TRUE
22,"Of natural & supernatural things also of the first tincture, root, and spirit of metals and minerals, how the same are conceived, generated, brought forth, changed, and augmented / [by] Basilius Valentinus ; translated out of high Dutch by Daniel Cable ; whereunto is added Frier Roger Bacon,  Of the medicine or tincture of antimony; Mr. John Isaac Holland, his Work of Saturn; and Alex. Van Suchten, Of the secrets of antimony.",1671,222,7,3.15%,102,45.95%,49.0990991,50.9009009,TRUE
104,"Cabala, sive, Scrinia sacra mysteries of state & government : in letters of illustrious persons, and great agents, in the reigns of Henry the Eighth, Queen Elizabeth, K. James, and the late King Charls : in two parts : in which the secrets of Empire and publique manage of affairs are contained : with many remarkable passages no where else published.",1654,6,0,0.00%,3,50.00%,50,50,FALSE
48,"Chymical, medicinal, and chyrurgical addresses: made to Samuel Hartlib, Esquire. Viz. 1. Whether the Vrim and Thummim were given in the Mount, or perfected by art. 2. Sir George Ripley's epistle, to King Edward unfolded. 3. Gabriel Plats caveat for alchymists. 4. A conference concerning the phylosophers stone. 5. An invitation to a free and generous communication of secrets and receits in physick. 6 Whether or no, each several disease hath a particular remedy? 7. A new and easie method of chirurgery, for the curing of all fresh wounds or other hurts. 8. A discourse about the essence or existence of metals. 9. The new postilions, pretended prophetical prognostication, of what whall happen to physitians, chyrurgeons, apothecaries, alchymists, and miners.",1655,185,27,14.59%,69,37.30%,51.89189189,48.10810811,TRUE
21,"Chymical, medicinal, and chyrurgical addresses made to Samuel Hartlib, Esquire. Viz. 1. Whether the vrim & thummim were given in the mount, or perfected by art. ... 9. The new postilions, pretended prophetical prognostication, of what shall happen to physitians, chyrurgeons, apothecaries, alchymists, and miners.",1655,188,29,15.43%,69,36.70%,52.12765957,47.87234043,TRUE
145,"Cheiragogia heliana. A manuduction to the philosopher's magical gold: out of which profound, and subtile discourse; two of the particullar tinctures, that of Saturn and Jupiter conflate; and of Jupiter single, are recommended as short and profitable works, by the restorer of it to the light. To which is added; Antron Mitras; Zoroaster's cave: or, An intellectuall echo, &c. Together with the famous Catholic epistle of John Pontanus upon the minerall fire. / By Geo. Thor. Astromagus.",1659,204,14,6.86%,94,46.08%,52.94117647,47.05882353,TRUE
25,"The wonders of the little world, or, A general history of man in six books : wherein by many thousands of examples is shewed what man hath been from the first ages of the world to these times, in respect of his body, senses, passions, affections, his virtues and perfections, his vices and defects, his quality, vocation and profession, and many other particulars not reducible to any of the former heads : collected from the writings of the most approved historians, philosophers, physicians, philologists and others / by Nath. Wanley ...",1673,45,3,6.67%,21,46.67%,53.33333333,46.66666667,TRUE
135,"An essay of transmigration, in defence of Pythagoras, or, A discourse of natural philosophy",1692,78,16,20.51%,26,33.33%,53.84615385,46.15384615,TRUE
4,"Paracelsus his Aurora, & treasure of the philosophers· As also the water-stone of the wise men; describing the matter of, and manner how to attain the universal tincture. Faithfully Englished· And published by J. H. Oxon.",1659,123,9,7.32%,58,47.15%,54.47154472,45.52845528,TRUE
38,"The works of Mr. John Cleveland containing his poems, orations, epistles, collected into one volume, with the life of the author.",1687,18,3,16.67%,7,38.89%,55.55555556,44.44444444,TRUE
49,"A ternary of paradoxes the magnetick cure of wounds, nativity of tartar in wine, image of God in man / written originally by Joh. Bapt. Van Helmont and translated, illustrated and amplified by Walter Charleton.",1650,43,4,9.30%,20,46.51%,55.81395349,44.18604651,TRUE
124,"The Philosophical epitaph of W.C. Esquire for a memento mori on his tomb-stone, vvith three hieroglyphical scutcheons and their philosophical motto's and explanation : with the philosophical Mercury, nature of seed and life, and growth of metalls, and a discovery of the immortal liquor alchahest : the salt of tartar volatized and other elixirs with their differences.  Also, A brief of the golden calf, the worlds idol : discovering the rarest miracle in nature, ... / by Jo. Fr. Helvetius.  And, The golden ass well managed and Midas restor'd to reason, or, A new chymical light : demonstrating to the blind world that good gold may be found as well in cold as hot regions, and be profitably extracted out of sand, stones, gravel and flints &c. .../ written by Jo. Rod. Glauber.  With Jehior, aurora sapientiae, or, The day dawning or light of wisdom : containing the three principles or original of all things whereby are discovered the great and many mysteries of God, nature and the elements, hitherto hid, now revealed / all published by W.C. Esquire. : with a catalogue of chymical books.",1673,261,20,7.66%,126,48.28%,55.93869732,44.06130268,TRUE
121,"The antimoniall cup twice cast: or a treatise concerning the antimoniall cup, shewing the abuse thereof. First, written in Latine by Iames Primrose Dr. of physicke, in consideration of a small pamphlet set forth by the founder of the cup. Translated into English by Robert Wittie, Master of Arts, Philiatr",1640,7,4,57.14%,0,0.00%,57.14285714,42.85714286,FALSE
105,"The Abyssinian philosophy confuted, or, Tellvris theoria neither sacred not agreeable to reason being for the most part a translation of Petrus Ramazzini, Of the wonderful springs of Modena : illustrated with many curious remarks and experiments by the author and translator : to which is added a new hypothesis deduced from Scripture and the observation of nature : with an addition of some miscellany experiments / by Robert St. Clair ...",1697,38,2,5.26%,20,52.63%,57.89473684,42.10526316,FALSE
109,"Metallographia, or, A history of metals wherein is declared the signs of ores and minerals both before and after digging ... : as also, the handling and shewing of their vegetability ... : gathered forth of the most approved authors that have written in Greek, Latine, or High-Dutch ... / by John Webster ...",1671,763,59,7.73%,386,50.59%,58.32241153,41.67758847,FALSE
52,"The universall medicine, or, The virtues of the magneticall, or antimoniall cup confirmed to be a health-procuring, health-preserving, and health-restoring effectuall medicine by extant monuments of antiquity, by testimonies of Honourable personages, by 100 admirable and rare experiments, by 200 persons of quality that have experienced the same / collected by John Evans ...",1651,5,2,40.00%,1,20.00%,60,40,TRUE
92,"The natural and experimental history of winds &c. written in Latine by the Right Honourable Francis Lord Verulam, Viscount St. Alban ; translated into English by R.G., gent.",1671,53,11,20.75%,21,39.62%,60.37735849,39.62264151,TRUE
74,"A short description and vindication of the true sal volatile oleosum.Of the ancients wherein 'tis prov'd the great medicine of the spirits; and consequently, an universal remedy. By T. Byfield, M.D.",1699,56,11,19.64%,23,41.07%,60.71428571,39.28571429,TRUE
57,"Alex. Van Suchten Of the secrets of antimony in two treatises. Translated out of high-Dutch by Dr. C. a person of great skill in chymistry. To which is added B. Valentine's salt of antimony, with its use.",1670,107,3,2.80%,62,57.94%,60.74766355,39.25233645,FALSE
115,"Medicina veterum vindicata, or, An answer to a book, entitled Medela medicinæ in which the ancient method and rules are defended ... / by John Twysden ...",1666,74,20,27.03%,25,33.78%,60.81081081,39.18918919,TRUE
65,"Enchyridion physicæ restitutæ, or, The summary of physicks recovered wherein the true harmony of nature is explained, and many errours of the ancient philosophers, by canons and certain demonstrations, are clearly evidenced and evinced.",1651,23,5,21.74%,9,39.13%,60.86956522,39.13043478,TRUE
147,"Answers upon several heads in philosophy first drawn up for the private satisfaction of some friends : now exposed to publick view and examination / by William Marshall, Dr. of physick of the colledge of physicians in London.",1670,18,0,0.00%,11,61.11%,61.11111111,38.88888889,FALSE
54,"Sal, lumen, & spiritus mundi philosophici, or, The dawning of the day discovered by the beams of light shewing the true salt and secret of the philosophers, the first and universal spirit of the world / written originally in French, afterwards turned into Latin by the illustrious doctor, Lodovicus Combachius ... and now transplanted into Albyons Garden by R.T. ...",1657,146,14,9.59%,76,52.05%,61.64383562,38.35616438,FALSE
46,"Thirteen books of natural philosophy viz. I. Of the principles, and common adjuncts of all natural bodies. II. Of the heavens, the world, and elements. III. Of action, passion, generation, and corruption. IV. Of meteors. V. Of minerals and metals. VI. Of the soul in general, and of things vegetable. VII. Of animals or living creatures. VIII. Of man. Unto which is added five books more of natural philosophy in several discourses. IX. Discourses [illegible] principles of natural things. X. Dis. 2. Concerning the occult and hidden qualities. XI. Dis. 3. Of atomes and mixture. XII. Dis 4. Of the generation of live things. XIII. Dis. 5. Concerning the spontaneous generation of live things. Written in Latin and English. By Daniel Sennert, doctor of physick. Nicholas Culpeper, physitian and astrologer. Abdiah Cole, doctor of physick, and the liberal arts.",1660,388,27,6.96%,213,54.90%,61.8556701,38.1443299,FALSE
136,The philosphical and physical opinions written by Her Excellency the Lady Marchionesse of Newcastle.,1655,29,1,3.45%,17,58.62%,62.06896552,37.93103448,FALSE
64,"Fundamenta chymica: or, A sure guide into the high and rare mysteries of alchymie; L.C. Philmedico Chymicus.",1658,143,15,10.49%,74,51.75%,62.23776224,37.76223776,FALSE
45,"Philadelphia, or, Brotherly love to the studious in the hermetick art. Wherein is discovered the principles of hermetick philosophy, with much candor and plainness. / Written by Eyreneus Philoctetes.",1694,64,21,32.81%,19,29.69%,62.5,37.5,TRUE
42,Paradoxical assertions and philosophical problems full of delight and recreation for all ladies and youthful fancies by R.H.,1659,8,3,37.50%,2,25.00%,62.5,37.5,TRUE
37,"The practise of chymicall, and hermeticall physicke, for the preseruation of health. Written in Latin by Iosephus Quersitanus, Doctor of Phisicke. And translated into English, by Thomas Timme, minister",1605,1001,57,5.69%,580,57.94%,63.63636364,36.36363636,FALSE
112,"Philosophy reformed & improved in four profound tractates. The I. discovering the great and deep mysteries of nature: by that learned chymist & physitian Osw: Crollivs. The other III. discovering the wonderfull mysteries of the creation by Paracelsvs: being his philosophy to the Athenians. / Both made English by H. Pinnell, for the increase of learning and true knowledge.",1657,127,35,27.56%,46,36.22%,63.77952756,36.22047244,TRUE
137,"Naturall philosophie reformed by divine light, or, A synopsis of physicks by J.A. Comenius ... ; with a briefe appendix touching the diseases of the body, mind, and soul, with their generall remedies, by the same author.",1651,108,18,16.67%,51,47.22%,63.88888889,36.11111111,TRUE
8,"Basilius Valentinus, monk, of the Order of St. Bennet: his last will and testament Which being alone, he hid under a table of marble, behinde the high-altar of the Cathedral Church, in the Imperial City of Erford: leaving it there to be found by him, whom Gods providence should make worthy of it. Wherein, he sufficiently, declares the wayes he wrought to obtain the philosophers stone: which he taught unto his fellow collegians, so that they all attained the said philosophers stone, whereby not onely the leprous bodies of the impure, and inferior metals are reduced unto the pure and perfect body of gold and silver, but also all manner of diseases whatsoever are cured in the bodies of unhealthfull men, and kept thereby in perfect health unto the prolonging of their lives. A work long expected.",1658,808,76,9.41%,443,54.83%,64.23267327,35.76732673,FALSE
151,"Paracelsus, his Archidoxis comprised in ten books : disclosing the genuine way of making quintessences, arcanums, magisteries, elixirs, &c : together with his books of renovation & restauration, of the tincture of the philsophers, of the manual of the philosophical medicinal stone, of the virtues of the members, of the three principles, and finally his seven books of the degrees and compositions, of receipts and natural things / faithfully and plainly Englished, and published by J.H., Oxon.",1660,369,39,10.57%,199,53.93%,64.49864499,35.50135501,FALSE
129,"The vvay to everlasting happinesse: or, the substance of christian religion methodically and plainly handled in a familiar discourse dialogue-wise: wherein, the doctrine of the Church of England is vindicated; the ignorant instructed, and the faithfull directed in their travels to heaven. By Benjamin Spencer, preacher of the word of God at Bromley neer Bow in Middlesex.",1659,17,6,35.29%,5,29.41%,64.70588235,35.29411765,TRUE
142,"Chrysomeson, a golden meane, or, A middle way for Christians to walk by wherein all seekers of truth and shakers in the faith may find the true religion independing upon mans invention, and be established therein : intended as a key to Christianity, as a touchstone for a traveller, as a probe for a Protestant, as a sea-mark for a sailor : in a Christian dialogue between Philalethes and  his friend Mathetes, seeking satisfaction / by Benjamin Spencer ...",1659,17,6,35.29%,5,29.41%,64.70588235,35.29411765,TRUE
148,"The Young-students-library containing extracts and abridgments of the most valuable books printed in England, and in the forreign journals, from the year sixty five, to this time : to which is added a new essay upon all sorts of learning ... / by the Athenian Society ; also, a large alphabetical table, comprehending the contents of this volume, and of all the Athenian Mercuries and supplements, etc., printed in the year 1691.",1692,137,5,3.65%,84,61.31%,64.96350365,35.03649635,FALSE
76,"A general collection of discourses of the virtuosi of France, upon questions of all sorts of philosophy, and other natural knowledg made in the assembly of the Beaux Esprits at Paris, by the most ingenious persons of that nation / render'd into English by G. Havers, Gent.",1664,156,8,5.13%,94,60.26%,65.38461538,34.61538462,FALSE
176,Tryon's letters upon several occasions ... by Tho. Tryon.,1700,52,5,9.62%,29,55.77%,65.38461538,34.61538462,FALSE
162,The triumphant chariot of antimony being a conscientious discovery of the many reall transcendent excellencies included in that minerall / written by Basil Valentine ... ; faithfully Englished and published for the common good by I.H. ...,1660,168,9,5.36%,101,60.12%,65.47619048,34.52380952,FALSE
5,"Archelogia philosophica nova, or, New principles of philosophy containing philosophy in general, metaphysicks or ontology, dynamilogy or a discourse of power, religio philosophi or natural theology, physicks or natural philosophy / by Gideon Harvey ...",1663,214,6,2.80%,135,63.08%,65.88785047,34.11214953,FALSE
141,Reflections upon ancient and modern learning by William Wotton ...,1694,33,3,9.09%,19,57.58%,66.66666667,33.33333333,FALSE
83,The excellency of theology compar'd with natural philosophy (as both are objects of men's study) / discours'd of in a letter to a friend by T.H.R.B.E. ... ; to which are annex'd some occasional thouhts about the excellency and grounds of the mechanical hypothesis / by the same author.,1674,27,4,14.81%,14,51.85%,66.66666667,33.33333333,FALSE
72,"Gregorii Opuscula, or, Notes & observations upon some passages of Scripture with other learned tracts / written by John Gregory ...",1650,21,3,14.29%,11,52.38%,66.66666667,33.33333333,FALSE
174,"Vindiciæ literarum, the schools guarded, or, The excellency and vsefulnesse of humane learning in subordination to divinity, and preparation to the ministry as also, rules for the expounding of the Holy Scriptures : with a synopsis of the most materiall tropes and figures contained in the sacred scriptures : whereunto is added, an examination of John Websters delusive Examen of academies / by Thomas Hall ... ; in the end is annexed an elaborate defence of logick by a learned pen.",1655,12,0,0.00%,8,66.67%,66.66666667,33.33333333,FALSE
39,Notes and observations vpon some passages of scripture. By I.G. Master of Arts of Christ-Church Oxon.,1646,12,3,25.00%,5,41.67%,66.66666667,33.33333333,TRUE
55,"Resuscitatio, or, Bringing into publick light severall pieces of the works, civil, historical, philosophical, & theological, hitherto sleeping, of the Right Honourable Francis Bacon, Baron of Verulam, Viscount Saint Alban according to the best corrected coppies : together with His Lordships life / by William Rawley ...",1657,9,3,33.33%,3,33.33%,66.66666667,33.33333333,TRUE
43,"Proposals for the printing an entire course or body of philosophy, according to the principles of the famous Renate Des Cartes, wrote in Latin by the learned Anthony Le Grand which will now be carefully translated into English by good hands, with large additions and alterations by the said author, and printed in folio, with an illustration of about an hundred ornamental scultptures / by Richard Blome, dwelling near Clare-market in New Weld-street, at the house with green pallisado-pails; where proposals are delivered and subscriptions taken for the same, and where they may inspect the said work.",1693,3,0,0.00%,2,66.67%,66.66666667,33.33333333,FALSE
155,"The way to the Sabbath of rest, or, The souls progress in the work of regeneration being a brief experimental discourse of the new-birth in which many of the serpents wiles are detected, the mysteries of the Cross unvailed, the death of the old man, the life of the new man, the angelical dispensation, with the entrance to the divine / clearly laid open and discovered by Mr. Thomas Bromley.",1692,6,4,66.67%,0,0.00%,66.66666667,33.33333333,FALSE
163,"Medicina practica, or, Practical physick shewing the method of curing the most usual diseases happening to humane bodies ... : to which is added, the philosophick works of Hermes Trismegistus, Kalid Persicus, Geber Arabs, Artesius Longævus, Nicholas Flammel, Roger Bachon and George Ripley : all translated out of the best Latin editions into English ... : together with a singular comment upon the first book of Hermes, the most ancient of philosophers : the whole compleated in three books / by William Salmon ...",1692,1571,102,6.49%,951,60.53%,67.0273711,32.9726289,FALSE
79,"A new treatise of natural philosophy, free'd from the intricacies of the schools adorned with many curious experiments both medicinal and chymical : as also with several observations useful for the health of the body.",1687,143,11,7.69%,85,59.44%,67.13286713,32.86713287,FALSE
171,"Helminthologia, or, Some physical considerations of the matter, origination, and several species of wormes macerating and direfully cruciating every part of the bodies of mankind ... together with their various causes, signs, diagnosticks, prognosticks, the horrid symptomes by them introduced : as also the indications and method of cure, all which is medicinally, philosophically, astrologically, and historically handled / by William Ramesey.",1668,99,10,10.10%,57,57.58%,67.67676768,32.32323232,FALSE
89,"The method of chemical philosophie and physick. Being a brief introduction to the one, and a true discovery of the other. namely, of diseases, their qualities, causes, symptoms, and certain cures. The like never before extant in English.",1664,462,58,12.55%,255,55.19%,67.74891775,32.25108225,FALSE
41,"A compleat history of the most remarkable providences both of judgment and mercy, which have hapned in this present age extracted from the best writers, the author's own observations, and the numerous relations sent him from divers parts of the three kingdoms : to which is added, whatever is curious in the works of nature and art / the whole digested into one volume, under proper heads, being a work set on foot thirty years ago, by the Reverend Mr. Pool, author of the Synopsis criticorum ; and since undertaken and finish'd, by William Turner...",1697,127,1,0.79%,86,67.72%,68.50393701,31.49606299,FALSE
164,"Fœlix consortium, or, A fit conjuncture of religion and learning in one entire volume, consisting of six books : the first treating of religion in general ... the second of learning ... the third, fourth, fifth and sixth books particularizing the men eminent for religion or learning ... : in an alphabetical order / by Edward Leigh ...",1663,71,0,0.00%,49,69.01%,69.01408451,30.98591549,FALSE
116,"Chymistry made easie and useful. Or, The agreement and disagreement of the chymists and galenists. [brace] Daniel Sennertus, Nich. Culpeper, and Abdiah Cole. [brace] Doctors of physick. ; The two next pages shew what is chiefly treated of in this book.",1662,388,65,16.75%,203,52.32%,69.07216495,30.92783505,FALSE
172,"Van Helmont's works containing his most excellent philosophy, physick, chirurgery, anatomy : wherein the philosophy of the schools is examined, their errors refuted, and the whole body of physick reformed and rectified : being a new rise and progresse of philosophy and medicine, for the cure of diseases, and lengthening of life / made English by J.C. ...",1664,1833,80,4.36%,1193,65.08%,69.44899073,30.55100927,FALSE
33,"The paradoxal discourses of F.M. Van Helmont concerning the macrocosm and microcosm, or, The greater and lesser world and their union set down in writing by J.B. and now published.",1685,226,9,3.98%,148,65.49%,69.46902655,30.53097345,FALSE
36,"The wise-mans crown, or, The glory of the rosie-cross shewing the wonderful power of nature, with the full discovery of the true cœlum terræ, or first matter of metals, and their preparations into incredible medicines or elixirs that cure all diseases in young or old : with the regio lucis, and holy houshold of rosie crucian philosophers / communicated to the world by John Heydon, Gent. ...",1664,224,11,4.91%,145,64.73%,69.64285714,30.35714286,FALSE
150,"A short treatise of metal & mineral waters viz. those of the Spaw, Bathe, Epsom, North-hall, Barnet, Tunbridge, and the new-wells at Islington. Wherein is described their bad as well as good qualities, with the danger of peoples too frequent and unadvisedly drinking them. BY E.P. M.D.",1684,63,4,6.35%,40,63.49%,69.84126984,30.15873016,FALSE
169,"Popular errours. Or the errours of the people in physick, first written in Latine by the learned physitian James Primrose Doctor in Physick. Divided into foure bookes. viz. 1. The first treating concerning physicians. 2. The second of the errours about some diseases, and the knowledge of them. 3. The third of the errours about the diet; as well of the sound as of the sick. 4. The fourth of the errours of the people about the use of remedies. Profitable and necessary to be read of all. To which is added by the same authour his verdict concerning the antimoniall cuppe. Translated into English by Robert Wittie Doctor in Physick.",1651,63,4,6.35%,40,63.49%,69.84126984,30.15873016,FALSE
82,"A discovery of fire and salt discovering many secret mysteries, as well philosophicall, as theologicall.",1649,399,5,1.25%,274,68.67%,69.92481203,30.07518797,FALSE
158,"The primitive origination of mankind, considered and examined according to the light of nature written by the Honourable Sir Matthew Hale, Knight ...",1677,20,5,25.00%,9,45.00%,70,30,TRUE
166,"A discourse of natural bathes, and mineral waters wherein, the original of fountains in general is declared, the nature and difference of minerals with examples of particular bathes, the generation of minerals in the earth, from whence both the actual heat of bathes, and their virtues proceed, by what means mineral waters are to be discover'd, and lastly, of the nature and uses of bathes, but especially of our bathes at Bathe, in Someerset-shire / by Edw. Jorden, Doctor in Physick.",1669,251,7,2.79%,169,67.33%,70.11952191,29.88047809,FALSE
152,"A philosophical essay declaring the probable causes whence stones are produced in the greater world from which occasion is taken to search into the origin of all bodies, discovering them to proceed from water and seeds : being a prodromus to a medicinal tract concerning the causes and cure of the stone in the kidneys and bladders of men / written by Dr. Thomas Sherley ...",1672,161,11,6.83%,102,63.35%,70.1863354,29.8136646,FALSE
56,"A medicinal dispensatory, containing the vvhole body of physick discovering the natures, properties, and vertues of vegetables, minerals, & animals: the manner of compounding medicaments, and the way to administer them. Methodically digested in five books of philosophical and pharmaceutical institutions; three books of physical materials galenical and chymical. Together with a most perfect and absolute pharmacopoea or apothecaries shop. Accommodated with three useful tables. Composed by the illustrious Renodæus, chief physician to the monarch of France; and now Englished and revised, by Richard Tomlinson of London, apothecary.",1657,341,10,2.93%,230,67.45%,70.38123167,29.61876833,FALSE
102,"A treatise of religion & learning and of religious and learned men consisting of six books, the two first treating of religion & learning, the four last of religious or learned men in an alphabetical order ... / by Edward Leigh ...",1656,68,0,0.00%,48,70.59%,70.58823529,29.41176471,FALSE
29,"The description of a new world, called the blazing-world written by the thrice noble, illustrious, and excellent princesse, the Duchess of Newcastle.",1668,17,9,52.94%,3,17.65%,70.58823529,29.41176471,FALSE
156,"Systema agriculturæ, the mystery of husbandry discovered treating of the several new and most advantagious ways of tilling, planting, sowing, manuring, ordering, improving of all sorts of gardens, orchards, meadows, pastures, corn-lands, woods & coppices, as also of fruits, corn, grain, pulse, new-hays, cattle, fowl, beasts, bees, silk-worms, &c. : with an account of the several instruments and engines used in this profession : to which is added Kalendarium rusticum, or, The husbandmans monthly directions, also the prognosticks of dearth, scarcity, plenty, sickness, heat, cold, frost, snow, winds, rain, hail, thunder, &c. and Dictionarium rusticum, or, The interpretation of rustick terms, the whole work being of great use and advantage to all that delight in that most noble practice.",1675,157,3,1.91%,108,68.79%,70.70063694,29.29936306,FALSE
13,"The [s]ceptical chymist, or, Chymico-physical doubts & paradoxes touching the spagyrist's principles commonly call'd hypostatical, [a]s they are wont to be propos'd and defended by the generality of alchymists : whereunto is præmis'd part of another discourse relating to the same subject / by the Honourable Robert Boyle.",1661,706,43,6.09%,457,64.73%,70.82152975,29.17847025,FALSE
66,"The difference betwene the auncient phisicke, first taught by the godly forefathers, consisting in vnitie peace and concord: and the latter phisicke proceeding from idolaters, ethnickes, and heathen: as Gallen, and such other consisting in dualitie, discorde, and contrarietie And wherein the naturall philosophie of Aristotle doth differ from the trueth of Gods worde, and is iniurious to Christianitie and sounde doctrine. By R.B. Esquire.",1585,31,13,41.94%,9,29.03%,70.96774194,29.03225806,TRUE
16,"Moffet-well, or, A topographico-spagyricall description of the minerall wells, at Moffet in Annandale of Scotland translated, and much enlarged, by the author Matthew Mackaile ... ; as also, The oyly-well, or, A topographico-spagyricall description of the oyly-well, at St. Catharines Chappel in the paroch of Libberton ; to these is subjoyned, A character of Mr. Culpeper and his writings, by the same author.",1664,436,13,2.98%,298,68.35%,71.33027523,28.66972477,FALSE
23,"A medicinal dispensatory, containing the whole body of physick discovering the natures, properties, and vertues of vegetables, minerals, & animals, the manner of compounding medicaments, and the way to administer them : methodically digested in five books of philosophical and pharmaceutical institutions, three books of physical materials galenical and chymical : together with a most perfect and absolute pharmacopoea or apothecaries shop : accommodated with three useful tables / composed by the illustrious Renodæus ... ; and now Englished and revised, by Richard Tomlinson of London, apothecary.",1657,388,13,3.35%,264,68.04%,71.39175258,28.60824742,FALSE
90,"Phlebotomiographia or, a treatise of phlebotomy. Demonstrating the necessity of it in diseases; the time for elections. And likewise of the use and application of cupping-glasses, and leeches. Whereupon is added a brief and most methodicall tract of the crisis. Written originally in French, by Da de Plumis Campi chirurgion. And now faithfully rendred into English, by E.W. well-wisher to physick and chirurgery.",1658,21,5,23.81%,10,47.62%,71.42857143,28.57142857,TRUE
99,"Annus Sophiæ jubilæus, The sophick constitution, or, The evil customs of the world reform'd a dialogue between a philadept and a citizen concerning the possibility of the sophick transmutation, the probability that there are adepts in the world ... : to which is added, A summary of some conferences with an artist, &c.",1700,7,4,57.14%,1,14.29%,71.42857143,28.57142857,FALSE
20,"A commentary or, exposition vpon the diuine second epistle generall, written by the blessed apostle St. Peter. By Thomas Adams",1633,139,5,3.60%,95,68.35%,71.94244604,28.05755396,FALSE
168,"Pseudodoxia epidemica, or, Enquiries into very many received tenents and commonly presumed truths by Thomas Browne.",1646,157,2,1.27%,111,70.70%,71.97452229,28.02547771,FALSE
139,"Ortho-methodoz itro-chymikē: or the direct method of curing chymically Wherein is conteined [sic] the original matter, and principal agent of all natural bodies. Also the efficient and material cause of diseases in general. Their therapeutick way and means. I. Diætetical, by rectifying eating, drinking, &c. II. Pharmaceutick. 1. By encreasing and supporting the vital spirits. 2. By pacifying and indulging them. 3. By defacing or blotting out the idea of diseases by proper specificks. Lastly, by removing the extimulating or occasional cause of maladies. To which is added, The art of midwifery chymically asserted. The character of an ortho-cymist, and pseudochymist. A description of the sanative virtues of our stomach-essence. Also, giawo-mempsiz: or a just complaint of the method of the Galenists. By George Thomson, M.D.",1675,175,12,6.86%,114,65.14%,72,28,FALSE
91,"A new method of physick: or, A short view of Paracelsus and Galen's practice; in 3. treatises. I. Opening the nature of physick and alchymy. II. Shewing what things are requisite to a physitian and alchymist. III. Containing an harmonical systeme of physick. Written in Latin by Simeon Partlicius, phylosopher, and physitian in Germany. Translated into English by Nicholas Culpeper, Gent. student in physick and astrologie, dwelling on the east-side of Spittle-fields, neer London.",1654,100,20,20.00%,52,52.00%,72,28,FALSE
160,"Basil Valentine his Triumphant chariot of antimony with annotations of Theodore Kirkringius, M.D. : with the true book of the learned Synesius, a Greek abbot, taken out of the Emperour's library, concerning the philosopher's stone.",1678,272,8,2.94%,188,69.12%,72.05882353,27.94117647,FALSE
120,"A way to health, long life and happiness, or, A discourse of temperance and the particular nature of all things requisite for the life of man as all sorts of meats, drinks, air, exercise &c., with special directions how to use each of them to the best advantage of the body and mind : shewing from the true ground of nature whence most diseases proceed and how to prevent them : to which is added a treatise of most sorts of English herbs ... the whole treatise displaying the most hidden secrets of philosophy ... / communicated to the world for the general good by Thomas Tryon.",1691,108,2,1.85%,76,70.37%,72.22222222,27.77777778,FALSE
146,"Anatomical exercitations concerning the generation of living creatures to which are added particular discourses of births and of conceptions, &c. / by William Harvey ...",1653,11,3,27.27%,5,45.45%,72.72727273,27.27272727,TRUE
32,"Four books of Johannes Segerus Weidenfeld concerning the secrets of the adepts, or, of the use of Lully's spirit of wine : a practical work, with very great study collected out of the ancient as well as modern fathers of adept philosophy : reconciled together by comparing them one with another, otherwise disagreeing, and in the newest method so aptly digested, that even young practitioners may be able to discern the counterfeit or sophistical preparations of animals, vegetables and minerals, whether for medicines or metals, from true, and so avoid vagabound imposters, and imaginary processes, together with the ruine of estates.",1685,1591,42,2.64%,1116,70.14%,72.78441232,27.21558768,FALSE
100,"The Art of chirurgery explained in six parts part I. Of tumors, in forty six chapters, part II. Of ulcers, in nineteen chapters, part III. Of the skin, hair and nails, in two sections and nineteen chapters, part IV. Of wounds, in twenty four chapters, part V, Of fractures, in twenty two chapters, Part VI. Of luxations, in thirteen chapters : being the whole Fifth book of practical physick / by Daniel Sennertus ... R.W., Nicholas Culpepper ... Abdiah Cole ...",1663,228,1,0.44%,165,72.37%,72.80701754,27.19298246,FALSE
85,"A new light of alchymie: taken out of the fountaine of nature, and manuall experience. To which is added a treatise of sulphur: / written by Micheel Sandivogius: i.e. anagram matically, divi Leschi genus amo. Also nine books of the nature of things, written by Paracelsus, viz. Of the generations growthes conservations life: death renewing transmutation separation signatures of naturall things. Also a chymicall dictionary explaining hard places and words met withall in the writings of Paracelsus, and other obscure authors. All which are faithfully translated out of the Latin into the English tongue, by J.F. M.D.",1650,331,50,15.11%,191,57.70%,72.80966767,27.19033233,FALSE
173,"A treatise of Lewisham (but vulgarly miscalled Dulwich) wells in Kent shewing the time and manner of their discovery, the minerals with which they are impregnated, the several diseases experience hath found them good for, with directions for the use of them, &c. / by John Peter, physician.",1680,71,4,5.63%,48,67.61%,73.23943662,26.76056338,FALSE
24,"Philosophical letters, or, Modest reflections upon some opinions in natural philosophy maintained by several famous and learned authors of this age, expressed by way of letters / by the thrice noble, illustrious, and excellent princess the Lady Marchioness of Newcastle.",1664,49,5,10.20%,31,63.27%,73.46938776,26.53061224,FALSE
149,"Aimatiasis, or, The true way of preserving the bloud in its integrity, and rectifying it, if at any time polluted and degenerate wherein Dr. Willis his errour of bleeding is reprehended, and offered to be confuted by practice and frequent experiments : and certain opinions of Dr. Betts in physick rejected and proved dangerously false ... / by George Thompson ...",1670,136,0,0.00%,100,73.53%,73.52941176,26.47058824,FALSE
3,"A letter in answer to certain quæries and objections made by a learned Galenist against the theorie and practice of chymical physick wherein the right method of curing of diseases is demonstrated, the possibility of universal medicine evinced, and chymical physick vindicated / by George Acton ...",1670,19,7,36.84%,7,36.84%,73.68421053,26.31578947,TRUE
27,"An apologie for the ministry and its maintenance wherein is set forth the necessity, dignity and efficacy of a gospel-ministry against the Socinians, Swenckfieldians, Weigelians, Anabaptists, Enthusiasts, Familists, Seekers, Quakers, Levellers, Libertines and the rest of that rout ... / by Tho. Hall.",1660,155,2,1.29%,113,72.90%,74.19354839,25.80645161,FALSE
106,"An exact collection of the choicest and more rare experiments and secrets in physick and chyrurgery (both cymick and Galenick) viz. of Leonard Phioravant, Knight and doctour in physick and chyrurgery, his Rational secrets and chyrurgery &c. : whereunto is annexed Paracelsus's One hundred and fourteen experiments : with certain excellent works of G.B. `a ortu Aquitano ; also Isaac Holandus, his secrets concerning his vegetal and animal work : with Quercetanus his Spagyrick antidotary for gun-shot : also certain collections out of some manuscripts of Dr. Edwards and other physitians of note ...",1659,331,8,2.42%,239,72.21%,74.6223565,25.3776435,FALSE
96,"An entire body of philosophy according to the principles of the famous Renate Des Cartes in three books, (I) the institution ... (II) the history of nature ... (III) a dissertation of the want of sense and knowledge in brute animals ... / written originally in Latin by the learned Anthony Le Grand ; now carefully translated from the last corrections, alterations, and large additions of the author, never yet published ... by Richard Blome.",1694,773,15,1.94%,562,72.70%,74.64424321,25.35575679,FALSE
7,"An apologie of the povver and prouidence of God in the gouernment of the world. Or An examination and censure of the common errour touching natures perpetuall and vniuersall decay diuided into foure bookes: whereof the first treates of this pretended decay in generall, together with some preparatiues thereunto. The second of the pretended decay of the heauens and elements, together with that of the elementary bodies, man only excepted. The third of the pretended decay of mankinde in regard of age and duration, of strength and stature, of arts and wits. The fourth of this pretended decay in matter of manners, together with a large proofe of the future consummation of the world from the testimony of the gentiles, and the vses which we are to draw from the consideration thereof. By G.H. D.D.",1627,32,2,6.25%,22,68.75%,75,25,FALSE
70,"The arraignment of vrines vvherein are set downe the manifold errors and abuses of ignorant vrine-mongring empirickes, cozening quacksaluers, women-physitians, and the like stuffe ... Collected and gathered as well out of the most ancient, as the moderne and late physitians of our time: and written first in the Latine tongue, and diuided into three bookes by Peter Forrest D. in Physicke ... And for the benefit of our British nations newly epitomized, and translated into our English tongue by Iames Hart Dr. of the foresaid faculty, and residing in the towne of Northampton.",1623,28,3,10.71%,18,64.29%,75,25,FALSE
28,"Fides-Anglicana, or, A plea for the publick-faith of these nations lately pawned, forfeited and violated by some of their former trustees to the rendering it as infamous as fides-punica was heretofore : it is humbly offered to consideration in a petitionary remonstrance to all in authority on the behalf of many thousands to whom securities were given upon the said public-faith and was prepared to have been put forth during the sitting of the last Parliament ... / by the author George Wither.",1660,8,3,37.50%,3,37.50%,75,25,TRUE
175,"Belphegor, or, The marriage of the Devil a tragi-comedy, lately acted at the Queen's Theatre in Dorset-garden / by Mr. Wilson.",1691,4,3,75.00%,0,0.00%,75,25,FALSE
161,"Chymical disceptations, or, Discourses upon acid and alkali wherein are examined the object of Mr. Boyle against these principles : together with a reply to a letter of Mr. S. Doctor of Physick & fellow of the colleg of *** : wherein many errors are corrected, touching the nature of these two salts / by Fran. Andre, Dr. in Physick ..., faithfully rendered out of French into English by J.W. ; to which is added, by the translator, a discourse of phlebotomy shewing the absolute evils, together with the accidental benefits thereof, in some cases.",1689,353,17,4.82%,252,71.39%,76.20396601,23.79603399,FALSE
30,"Academia scientiarum, or, The academy of sciences being a short and easie introduction to the knowledge of the liberal arts and sciences, with the names of those famous authors that have written on every particular science : in English and Latine / by D. Abercromby ...",1687,17,5,29.41%,8,47.06%,76.47058824,23.52941176,TRUE
153,"A physical dictionary in which all the terms relating either to anatomy, chirurgery, pharmacy, or chymistry are very accurately explain'd / by Stephen Blancard ...",1684,120,7,5.83%,85,70.83%,76.66666667,23.33333333,FALSE
140,"Tyrocinium chymicum, or, Chymical essays acquired from the fountain of nature and manual experience / by John Beguinus ...",1669,412,15,3.64%,304,73.79%,77.42718447,22.57281553,FALSE
88,"The idea of practical physick in twelve books ... / written in Latin by John Johnston ... ; and Englished by Nich. Culpeper, Gent. ... and W.R.",1657,287,2,0.70%,222,77.35%,78.04878049,21.95121951,FALSE
128,"The unlearned alchymist his antidote, or, A more full and ample explanation of the use, virtue and benefit of my pill, entituled, An effectual diaphoretick, diuretick, purgeth by sweating, urin. Whereunto is added sundry cures and experiences, with particular direction unto particular diseases and distempers; with a catalogue of peoples names, with their dwelings which have used and known the use of the same: also sundry plain and easie receits which the ingenious may prepare for their own health. By Richard Matthew, and are to be had at his house by the Lyons Den at the Tower, next Gate to the By-Ward.",1660,41,1,2.44%,31,75.61%,78.04878049,21.95121951,FALSE
73,"The chirurgicall lectures of tumors and vlcers Delivered on Tusedayes appointed for these exercises, and keeping of their courts in the Chirurgeans Hall these three yeeres last past, viz. 1632, 1633, and 1634. By Alexander Read Doctor of Physick, and one of the fellowes of the Physitians College of London.",1635,110,3,2.73%,83,75.45%,78.18181818,21.81818182,FALSE
177,"The anatomy of human bodies, comprehending the most modern discoveries and curiosities in that art to which is added a particular treatise of the small-pox & measles : together with several practical observations and experienced cures ... / written in Latin by Ijsbrand de Diemerbroeck ... ; translated from the last and most correct and full edition of the same, by William Salmon ...",1694,722,11,1.52%,555,76.87%,78.3933518,21.6066482,FALSE
167,"Discourses upon Cornelius Tacitus written in Italian by the learned Marquesse Virgilio Malvezzi ; dedicated to the Serenissimo Ferdinand the Second, Great Duke of Thuscany ; and translated into English by Sir Richard Baker, Knight.",1642,14,3,21.43%,8,57.14%,78.57142857,21.42857143,FALSE
178,"Chirurgorum comes, or, The whole practice of chirurgery begun by the learned Dr. Read ; continued and completed by a Member of the College of physicians in London.",1687,198,13,6.57%,143,72.22%,78.78787879,21.21212121,FALSE
133,"A compendious body of chymistry, which will serve as a guide and introduction both for understanding the authors which have treated of the theory of this science in general and for making the way plain and easie to perform, according to art and method, all operations, which teach the practise of this art, upon animals, vegetables, and minerals, without losing any of the essential vertues contained in them. By N. le Fèbure apothecary in ordinary, and chymical distiller to the King of France, and at present to his Majesty of Great-Britain.",1662,2152,64,2.97%,1640,76.21%,79.18215613,20.81784387,FALSE
87,"A relation of a very sudden and extraordinary cure of a person bitten by a viper, by the means of acids together with some remarks upon Dr. Tuthill's vindication of his objections against the doctrine of acids : wherein are contained several things in order to the further clearing of the said doctrine / by John Colbatch.",1698,70,4,5.71%,52,74.29%,80,20,FALSE
81,"A catalogue of the philosophical books and tracts written by the Honourable Robert Boyle, Esq. ; together with the order or time wherein each of them hath been publish'd respectively ; to which is added,  A catalogue of the theological books, written by the same author.",1689,5,2,40.00%,2,40.00%,80,20,TRUE
131,"A Catalogue of the philosophical books and tracts written by the honourable Robert Boyle, Esq. together with the order or time wherein each of them hath been publish'd respectively : to which is added a catalogue of the theological books written by the same.",1690,5,2,40.00%,2,40.00%,80,20,TRUE
94,Divine glimpses  of a maiden muse being various meditations and epigrams on several subjects : with a probable cure of our present epidemical malady if the means be not too long neglected / by Chr. Clobery ...,1659,5,3,60.00%,1,20.00%,80,20,FALSE
77,"Bazilica chymica, & Praxis chymiatricæ, or, Royal and practical chymistry in three treatises : wherein all those excellent medicines and chymical preparations are fully discovered, from whence all our modern chymists have drawn their choicest remedies : being a translation of Oswald Crollius, his Royal chymistry, augmented and inlarged by John Hartman : to which is added his Treatise of signatures of internal things, or, A true and lively anatomy of the greater and lesser world : as also, The practice of chymistry of John Hartman, M.D., augmented and inlarged by his son / all faithfully Englished by a lover of chymistry.",1670,1341,38,2.83%,1038,77.40%,80.23862789,19.76137211,FALSE
126,"The art of distillation, or, A treatise of the choicest spagiricall preparations performed by way of distillation together with the description of the chiefest furnaces & vessels used by ancient and moderne chymists : also, A discourse of divers spagiricall experiments and curiosities, and the anatomy of gold and silver with the chiefest preparations and curiosities thereof, together with their vertues : all which are contained in VI bookes / composed by John French ...",1653,416,17,4.09%,317,76.20%,80.28846154,19.71153846,FALSE
60,"Hydrologia chymica, or, The chymical anatomy of the Scarbrough, and other spaws in York-Shire wherein are interspersed some animadversions upon Dr. Wittie's lately published treatise of the Scarbrough-spaw : also a short description of the spaws at Malton and Knarsbrough : and a discourse concerning the original of hot springs and other fountains : with the causes and cures of most of the stubbornest diseases ... : also a vindication of chymical physick ... : lastly is subjoyned an appendix of the original of springs ... / by W. Simpson.",1669,713,20,2.81%,556,77.98%,80.78541374,19.21458626,FALSE
98,"The anatomie of vrines Containing the conuiction and condemnation of them. Or, the second part of our discourse of vrines. Detecting and vnfolding the manifold falshoods and abuses committed by the vulgar sort of practitioners, in the iudgement of diseases by the vrines onely: together with a narrow suruey of their substance, chiefe colours, and manifold contents, ioyning withall the right vse of vrines. ... Collected, as well out of the ancient Greeke, Latine, and Arabian authors, as out of our late famous physitians of seuerall nations: their authorities quoted and translated out of the originall tongues, together with some of the authors owne obseruations. By Iames Hart of Northampton. Neuer heretofore published.",1625,16,3,18.75%,10,62.50%,81.25,18.75,FALSE
84,"The Irish spaw, being a short discourse on mineral waters in general with a way of improving by art weakly impregnated mineral waters ... / by P. Bellon ...",1684,54,5,9.26%,39,72.22%,81.48148148,18.51851852,FALSE
62,"The manner of raising, ordering, and improving forrest-trees also, how to plant, make and keep woods, walks, avenues, lawns, hedges, &c. : with several figures proper for avenues and walks to end in, and convenient figures for lawns : also rules by M. Cook.",1676,44,16,36.36%,20,45.45%,81.81818182,18.18181818,TRUE
170,"A guide to the practical physician shewing, from the most approved authors, both ancient and modern, the truest and safest way of curing all diseases, internal and external, whether by medicine, surgery, or diet. Published in Latin by the learn'd Theoph. Bonet, physician at Geneva. And now rendred into English, with an addition of many considerable cases, and excellent medicines for every disease. Collected from Dr. Waltherus his Sylva medica. by one of the Colledge of Physicians, London. To which is added. The office of a physician, and perfect tables of every distemper, and of any thing else considerable. Licensed, November 13h. 1685. Robert Midgley.",1686,1988,41,2.06%,1593,80.13%,82.19315895,17.80684105,FALSE
123,"The compleat chymist, or, A new treatise of chymistry teaching by a short and easy method all its most necessary preparations / written in French by Christopher Glaser ... ; now faithfully Englished by a Fellow of the Royal Society.",1677,813,23,2.83%,646,79.46%,82.28782288,17.71217712,FALSE
118,"Medicinal experiments, or, A collection of choice remedies for the most part simple, and easily prepared by ... R. Boyle ...",1692,17,2,11.76%,12,70.59%,82.35294118,17.64705882,FALSE
114,"Chymicus rationalis, or, The fundamental grounds of the chymical art rationally stated and demonstrated by various examples in distillation, rectification, and exhaltation of vinor spirits, tinctures, oyls, salts, powers, and oleosums ... : in which is contained A philosophical description of the astrum lunare microcosmicum, or phospheros ... / by W. Y-Worth.",1692,380,17,4.47%,297,78.16%,82.63157895,17.36842105,FALSE
78,"A dialogue between alkali and acid containing divers philosophical and medicinal considerations : wherein a late pretended new hypothesis asserting alkali the cause and acid the cure of all diseases, is proved groundless and dangerous : being a specimen of the immodest self-applause, shameful contempt, and abuse of all physicians, gross mistakes and great ignorance of the pretender John Colbatch / by T.E., Chirurgo-Medicus.",1698,232,3,1.29%,189,81.47%,82.75862069,17.24137931,FALSE
132,"Platerus golden practice of physick fully and plainly discovering, I. All the kinds. II. The several causes of every disease. III. Their most proper cures, in respect to the kinds, and several causes, from whence they come. After a new, easie, and plain method; of knowing, foretelling, preventing, and curing, all diseases incident to the body of man. Full of proper observations and remedies: both of ancient and modern physitians. In three books, and five tomes, or parts. Being the fruits of one and thirty years travel: and fifty years practice of physick. By Felix Plater, chief physitian and professor in ordinary at Basil. Abdiah Cole, doctor of physick, and the liberal arts. Nich. Culpeper, gent. student in physick, and astrology.",1664,742,7,0.94%,608,81.94%,82.88409704,17.11590296,FALSE
26,The art of chymistry as it is now practiced / written in French by P. Thibaut ... ; and now translated into English by a fellow of the Royal Society.,1675,756,11,1.46%,616,81.48%,82.93650794,17.06349206,FALSE
31,"[Pharmako-basanos]: or, The touch-stone of medicines. Discovering the vertues of [brace] vegetables, minerals, & animals, by their tastes & smells. : In two volumes. / By Sir John Floyer ...",1687,1313,15,1.14%,1079,82.18%,83.32063976,16.67936024,FALSE
138,"Baconiana, or, Certain genuine remains of Sr. Francis Bacon, Baron of Verulam, and Viscount of St. Albans in arguments civil and moral, natural, medical, theological, and bibliographical now for the first time faithfully published ...",1679,84,9,10.71%,61,72.62%,83.33333333,16.66666667,FALSE
143,"The epistles of Jacob Behmen, aliter, Teutonicus philosophus very usefull and necessary for those that read his vvritings, and are very full of excellent and plaine instructions how to attaine to the life of Christ / translated out of the German language.",1649,18,10,55.56%,5,27.78%,83.33333333,16.66666667,FALSE
101,"Academiarum examen, or, The examination of academies wherein is discussed and examined the matter, method and customes of academick and scholastick learning, and the insufficiency thereof discovered and laid open : as also some expedients proposed for the reforming of schools, and the perfecting and promoting of all kind of science ... / by Jo. Webster.",1654,6,3,50.00%,2,33.33%,83.33333333,16.66666667,FALSE
154,"Reflexions upon ancient and modern philosophy, moral and natural. Treating of the Aegyptians, Arabians, Gretians, Romans, &c. philosophers; as Thales, Zeno, Socrates, Plato, Pythagoras, Aristotle, Epicurus, &c.  Also of the English, Germans, French, Spanish, Italian, &c.  As Bacon, Boyle, Descartes, Hobbes, Vanhelmont, Gassendus, Galilens, Harvey, Paracelsus, Marsennus, Digby, &c.  Together with the use that is to be made thereof.  Licensed, Octob. 4. 1677.  Ro. L' Estrange.",1678,6,3,50.00%,2,33.33%,83.33333333,16.66666667,FALSE
0,"Medicinal experiments, or, A collection of choice and safe remedies for the most part simple and easily prepared, useful in families, and very serviceable to country people / by R. Boyle ; to which is annexed a catalogue of his theological and philosophical books and tracts.",1693,45,2,4.44%,36,80.00%,84.44444444,15.55555556,FALSE
14,"The secrets of physick and philosophy divided into two bookes: in the first is shewed the true and perfect order to distill, or draw forth the oyles of all manner of gummes, spices, seedes, roots, and hearbs, with their perfect taste, smell and vertues. In the second is shewed the true and perfect order to prepare, calcine, sublime, and dissolue all manner of minerals, and how ye shall draw forth their oyles and salts, which are most wonderfull in their operations, for the health of mans bodie. First written in the German tongue by the most learned Theophrastus Paraselsus, and now published in the English tongue, by Iohn Hester, practitioner in the art of distillation.",1633,98,2,2.04%,81,82.65%,84.69387755,15.30612245,FALSE
34,Experimental notes of the mechanical origine or production of fixtness.,1675,506,26,5.14%,406,80.24%,85.37549407,14.62450593,FALSE
68,"Experiments, notes, &c. about the mechanical origine or production of divers particular qualities among which is inferred a discourse of the imperfection of the chymist's doctrine of qualities : together with some reflections upon the hypothesis of alcali and acidum / by the Honourable Robert Boyle ...",1676,503,26,5.17%,404,80.32%,85.48707753,14.51292247,FALSE
9,"Experiments and considerations touching colours first occasionally written, among some other essays to a friend, and now suffer'd to come abroad as the beginning of an experimental history of colours / by the Honourable Robert Boyle ...",1664,350,7,2.00%,293,83.71%,85.71428571,14.28571429,FALSE
67,"A course of chemistry containing an easie method of preparing those chymical medicins which are used in physick : with curious remarks and useful discourses upon each preparation, for the benefit of such who desire to be instructed in the knowledge of this art / by Nicholas Lemery, M.D.",1686,2047,29,1.42%,1727,84.37%,85.78407426,14.21592574,FALSE
15,"The chymical Galenist a treatise, wherein the practise of the ancients is reconcild́ to the new discoveries in the theory of physick, shewing that many of their rules, methods, and medicins, are useful for by George Castle ...",1667,141,2,1.42%,119,84.40%,85.81560284,14.18439716,FALSE
75,"The art of glass wherein are shown the wayes to make and colour glass, pastes, enamels, lakes, and other curiosities / written in Italian by Antonio Neri ; and translated into English, with some observations on the author ; whereunto is added an account of the glass drops made by the Royal Society, meeting at Gresham College.",1662,306,0,0.00%,263,85.95%,85.94771242,14.05228758,FALSE
35,"A plain introduction to the art of physick containing the fundamentals, and necessary preliminaries to practice ... : to which is added, The materia medica contracted, and alphabetical tables of the vertues of roots, barks, woods, herbs, flowers, seeds, fruits, juices and gums ... : also a collection of choice medicines chymical and Galenical, together with a different way of making the most celebrated compositions in the apothecaries shops / by J. Pechey ...",1697,317,11,3.47%,262,82.65%,86.11987382,13.88012618,FALSE
69,"Panzooryktologia. Sive Panzoologicomineralogia. Or A compleat history of animals and minerals, containing the summe of all authors, both ancient and modern, Galenicall and chymicall, touching animals, viz. beasts, birds, fishes, serpents, insects, and man, as to their place, meat, name, temperature, vertues, use in meat and medicine, description, kinds, generation, sympathie, antipathie, diseases, cures, hurts, and remedies &c. With the anatomy of man, his diseases, with their definitions, causes, signes, cures, remedies: and use of the London dispensatory, with the doses and formes of all kinds of remedies: as also a history of minerals, viz. earths, mettals, semimettals, their naturall and artificiall excrements, salts, sulphurs, and stones, with their place, matter, names, kinds, temperature, vertues, use, choice, dose, danger, and antidotes. Also an [brace] introduction to zoography and mineralogy. Index of Latine names, with their English names. Universall index of the use and vertues. / By Robert Lovell. St. C.C. Oxon. philotheologiatronomos.",1661,488,13,2.66%,408,83.61%,86.2704918,13.7295082,FALSE
71,"Pharmacopœia Bateana, or, Bate's dispensatory translated from the second edition of the Latin copy, published by Mr. James Shipton : containing his choice and select recipe's, their names, compositions, preparations, vertues, uses, and doses, as they are applicable to the whole practice of physick and chyrurgery : the Arcana Goddardiana, and their recipe's intersperst in their proper places, which are almost all wanting in the Latin copy : compleated with above five hundred chymical processes, and their explications at large, various observations thereon, and a rationale upon each process : to which are added in this English edition, Goddard's drops, Russel's pouder [sic], and the Emplastrum febrifugum, those so much fam'd in the world : as also several other preparations from the Collectanea chymica, and other good authors / by William Salmon ...",1694,2760,49,1.78%,2333,84.53%,86.30434783,13.69565217,FALSE
59,"Fleta minor the laws of art and nature, in knowing, judging, assaying, fining, refining and inlarging the bodies of confin'd metals : in two parts : the first contains assays of Lazarus Erckern, chief prover, or assay-master general of the empire of Germany, in V. books, orinally written by him in the Teutonick language and now translated into English ; the second contains essays on metallick words, as a dictionary to many pleasing discourses, by Sir John Pettus ... ; illustrated with 44 sculptures.",1683,433,8,1.85%,369,85.22%,87.0669746,12.9330254,FALSE
165,"Hydrologia philosophica, or, An account of Ilmington waters in Warwick-shire with directions for the drinking of the same : together with some experimental observations touching the original of compound bodies / by Sam. Derham ...",1685,431,22,5.10%,354,82.13%,87.23897912,12.76102088,FALSE
108,"The royal pharmacopœea, galenical and chymical according to the practice of the most eminent and learned physitians of France : and publish'd with their several approbations / by Moses Charras, th Kings chief operator in his royal garden of plants ; faithfully Englished ; illustrated with several copper plates.",1678,2299,47,2.04%,1960,85.25%,87.29882558,12.70117442,FALSE
97,"Iatrica, seu, Praxis medendi, The practice of curing being a medicinal history of above three thousand famous observations in the cure of diseases, performed by the author hereof : together with several of the choicest observations of other famous men ... : wherein for the most part you will find 1. the constitution of the body of the sick, 2. the symptoms predominant, 3. the cause of the disease, what? 4. the exact method which was taken in the cure, 5. an exact account of the medicines exhibited, with the order of their exhibition, various doses and success thereupon ... / perform'd by William Salmon ...",1681,881,17,1.93%,757,85.93%,87.85471056,12.14528944,FALSE
2,Observations on the mineral waters of France made in the Royal Academy of the Sciences / by the Sieur Du Clos.,1684,442,0,0.00%,390,88.24%,88.23529412,11.76470588,FALSE
119,"A description of new philosophical furnaces, or A new art of distilling, divided into five parts. Whereunto is added a description of the tincture of gold, or the true aurum potabile; also, the first part of the mineral work. Set forth and published for the sakes of them that are studious of the truth. / By John Rudolph Glauber. Set forth in English, by J.F. D.M.",1651,1073,12,1.12%,944,87.98%,89.09599254,10.90400746,FALSE
110,"The disease of London, or, A new discovery of the scorvey [sic] comprising the nature, manifold differences, various causes, signs, prognostics, chronology, and several methods of curing the said disease by remedies, galenical and chymical : together with anatomical observations, and discourses on convulsions, palsies, apoplexies, rheumatisms, gouts, malignant fevors, and small pox, with their methods of cure and remedies : likewise, particular observations on most of the fore-mentioned diseases / by Gideon Harvey ...",1675,358,13,3.63%,307,85.75%,89.38547486,10.61452514,FALSE
1,Chymical secrets and rare experiments in physick & philosophy with figures collected and experimented / by the Honourable and learned Sir Kenelm Digby ...,1683,522,5,0.96%,464,88.89%,89.8467433,10.1532567,FALSE
17,"Doron medicum, or, A supplement to the new London dispensatory in III books : containing a supplement I. to the materia medica, II. to the internal compound medicaments, III. to the external compound medicaments : compleated with the art of compounding medicines ... / by William Salmon ...",1683,1428,25,1.75%,1259,88.17%,89.91596639,10.08403361,FALSE
58,"A choice collection of rare secrets and experiments in philosophy as also rare and unheard-of medicines, menstruums and alkahests : with the true secret of volatilizing the fixt salt of tartar / collected and experimented by the honourable and truly learned Sir Kenelm Digby, Kt., Chancellour to Her Majesty the Queen-Mother ; hitherto kept secret since his decease, but now published for the good and benefit of the publick by George Hartman.",1682,521,4,0.77%,465,89.25%,90.01919386,9.980806142,FALSE
80,"Certain physiological essays and other tracts written at distant times, and on several occasions by the honourable Robert Boyle ; wherein some of the tracts are enlarged by experiments and the work is increased by the addition of a discourse about the absolute rest in bodies.",1669,361,3,0.83%,325,90.03%,90.85872576,9.141274238,FALSE
12,"Curiosities in chymistry being new experiments and observations concerning the principles of natural bodies / written by a person of honour ; and published by his operator, H.G.",1691,312,5,1.60%,279,89.42%,91.02564103,8.974358974,FALSE
50,"New experiments, and observations, made upon the icy noctiluca imparted in a letter to a friend living in the country : to which is annexed A chymical paradox / by Robert Boyle.",1682,49,3,6.12%,42,85.71%,91.83673469,8.163265306,FALSE
144,"Thw admirable virtues, and wonderful effects of the true and genuine tincture of coral, in physick; grounded upon reason, established by experience, and confirmed by authentical authors in all ages. Never found out plainly till now. By Theophilus Garencieres, doctor in physick, Colleg. Lond.",1676,17,3,17.65%,13,76.47%,94.11764706,5.882352941,FALSE
11,"The six days adventure, or, The new Utopia a comedy as it is acted at his Royal Highness the Duke of York's theatre.",1671,7,5,71.43%,2,28.57%,100,0,FALSE
44,"The true character of an untrue bishop. With a recipe at the end, how to recover a bishop if hee were lost.",1641,6,5,83.33%,1,16.67%,100,0,FALSE
40,"A suddain flash timely discovering, some reasons wherefore, the stile of Protector, should not be deserted by these nations, with some other things, by them very considerable. It was first made visible, the fourth day, after the author heard it reported, that the Lord Protector, had waved the title of King. / By Britans remembrancer.",1657,3,3,100.00%,0,0.00%,100,0,FALSE
51,"A briefe discourse, touching the happie vnion of the kingdomes of England, and Scotland Dedicated in priuate to his Maiestie.",1603,3,3,100.00%,0,0.00%,100,0,FALSE
53,"The union of the two kingdoms of Scotland and England, or, The elaborate papers of Sir Francis Bacon ...",1670,3,3,100.00%,0,0.00%,100,0,FALSE
111,"The libertine school'd, or A vindication of the magistrates power in religious matters. In ansvver to some fallacious quæries scattered about the city of Limrick, by a nameless author, about the 15th of December, 1656. And for detection of those mysterious designs so vigorously fomented, if not begun among us, by romish engineers, and Jesuitick emissaries, under notionall disguises ... (politicæ uti & ecclesiasticæ. axiom. Arabic.) Published, by Claudus Gilbert, B.D. and minister of the Gospel at Limrick in Ireland.",1657,3,3,100.00%,0,0.00%,100,0,FALSE
117,"The Divine unity once more asserted, or, Some consideration tending to prove that God is but one single being and that the Father of our Lord Jesus Christ is he in a letter to a friend.",1697,3,3,100.00%,0,0.00%,100,0,FALSE
125,"Tertullus Christianus, or, Thanks for the Kings indulgence, with a rebuke of ingratitude.",1672,3,3,100.00%,0,0.00%,100,0,FALSE